trial,flip_bit,round,hd
0,123,1,5
0,123,2,141
0,123,3,473
0,123,4,499
0,123,5,530
0,123,6,508
0,123,7,517
0,123,8,503
0,123,9,527
0,123,10,484
0,123,11,511
0,123,12,529
0,123,13,514
0,123,14,523
0,123,15,541
0,123,16,479
0,123,17,486
0,123,18,504
0,123,19,516
0,123,20,523
0,123,21,516
0,123,22,504
0,123,23,532
0,123,24,519
1,897,1,179
1,897,2,434
1,897,3,515
1,897,4,525
1,897,5,519
1,897,6,523
1,897,7,511
1,897,8,512
1,897,9,516
1,897,10,496
1,897,11,488
1,897,12,496
1,897,13,524
1,897,14,513
1,897,15,491
1,897,16,524
1,897,17,517
1,897,18,486
1,897,19,529
1,897,20,522
1,897,21,502
1,897,22,503
1,897,23,497
1,897,24,519
2,529,1,159
2,529,2,495
2,529,3,516
2,529,4,530
2,529,5,526
2,529,6,516
2,529,7,480
2,529,8,517
2,529,9,505
2,529,10,533
2,529,11,513
2,529,12,505
2,529,13,510
2,529,14,497
2,529,15,525
2,529,16,526
2,529,17,498
2,529,18,511
2,529,19,518
2,529,20,484
2,529,21,513
2,529,22,497
2,529,23,512
2,529,24,476
3,62,1,7
3,62,2,94
3,62,3,407
3,62,4,521
3,62,5,532
3,62,6,508
3,62,7,495
3,62,8,522
3,62,9,486
3,62,10,524
3,62,11,534
3,62,12,510
3,62,13,500
3,62,14,491
3,62,15,519
3,62,16,483
3,62,17,512
3,62,18,519
3,62,19,525
3,62,20,499
3,62,21,503
3,62,22,532
3,62,23,526
3,62,24,512
4,1014,1,30
4,1014,2,342
4,1014,3,539
4,1014,4,488
4,1014,5,541
4,1014,6,536
4,1014,7,530
4,1014,8,469
4,1014,9,522
4,1014,10,526
4,1014,11,513
4,1014,12,545
4,1014,13,539
4,1014,14,511
4,1014,15,530
4,1014,16,541
4,1014,17,516
4,1014,18,524
4,1014,19,529
4,1014,20,486
4,1014,21,527
4,1014,22,525
4,1014,23,512
4,1014,24,503
5,1019,1,13
5,1019,2,207
5,1019,3,495
5,1019,4,525
5,1019,5,499
5,1019,6,523
5,1019,7,483
5,1019,8,508
5,1019,9,513
5,1019,10,508
5,1019,11,487
5,1019,12,513
5,1019,13,531
5,1019,14,507
5,1019,15,500
5,1019,16,491
5,1019,17,514
5,1019,18,492
5,1019,19,528
5,1019,20,505
5,1019,21,519
5,1019,22,505
5,1019,23,484
5,1019,24,524
6,50,1,34
6,50,2,323
6,50,3,493
6,50,4,536
6,50,5,533
6,50,6,536
6,50,7,525
6,50,8,508
6,50,9,518
6,50,10,523
6,50,11,517
6,50,12,507
6,50,13,516
6,50,14,506
6,50,15,503
6,50,16,503
6,50,17,511
6,50,18,528
6,50,19,511
6,50,20,501
6,50,21,533
6,50,22,494
6,50,23,510
6,50,24,506
7,742,1,58
7,742,2,335
7,742,3,506
7,742,4,499
7,742,5,503
7,742,6,510
7,742,7,512
7,742,8,525
7,742,9,499
7,742,10,486
7,742,11,491
7,742,12,512
7,742,13,536
7,742,14,520
7,742,15,519
7,742,16,507
7,742,17,499
7,742,18,501
7,742,19,503
7,742,20,516
7,742,21,510
7,742,22,504
7,742,23,506
7,742,24,510
8,131,1,112
8,131,2,494
8,131,3,509
8,131,4,501
8,131,5,505
8,131,6,534
8,131,7,535
8,131,8,515
8,131,9,500
8,131,10,524
8,131,11,494
8,131,12,491
8,131,13,486
8,131,14,473
8,131,15,499
8,131,16,517
8,131,17,507
8,131,18,507
8,131,19,536
8,131,20,489
8,131,21,504
8,131,22,535
8,131,23,497
8,131,24,526
9,682,1,75
9,682,2,314
9,682,3,481
9,682,4,532
9,682,5,514
9,682,6,514
9,682,7,491
9,682,8,535
9,682,9,518
9,682,10,509
9,682,11,523
9,682,12,505
9,682,13,524
9,682,14,500
9,682,15,521
9,682,16,512
9,682,17,476
9,682,18,529
9,682,19,480
9,682,20,527
9,682,21,508
9,682,22,515
9,682,23,513
9,682,24,511
10,406,1,88
10,406,2,516
10,406,3,519
10,406,4,525
10,406,5,554
10,406,6,528
10,406,7,487
10,406,8,514
10,406,9,502
10,406,10,517
10,406,11,511
10,406,12,497
10,406,13,539
10,406,14,488
10,406,15,515
10,406,16,510
10,406,17,530
10,406,18,533
10,406,19,495
10,406,20,523
10,406,21,525
10,406,22,509
10,406,23,481
10,406,24,498
11,486,1,13
11,486,2,201
11,486,3,510
11,486,4,515
11,486,5,527
11,486,6,518
11,486,7,505
11,486,8,495
11,486,9,499
11,486,10,517
11,486,11,504
11,486,12,540
11,486,13,495
11,486,14,498
11,486,15,524
11,486,16,546
11,486,17,513
11,486,18,534
11,486,19,504
11,486,20,506
11,486,21,505
11,486,22,506
11,486,23,492
11,486,24,513
12,112,1,20
12,112,2,246
12,112,3,485
12,112,4,526
12,112,5,536
12,112,6,513
12,112,7,498
12,112,8,486
12,112,9,502
12,112,10,493
12,112,11,541
12,112,12,508
12,112,13,530
12,112,14,522
12,112,15,464
12,112,16,505
12,112,17,526
12,112,18,509
12,112,19,507
12,112,20,523
12,112,21,500
12,112,22,485
12,112,23,520
12,112,24,537
13,374,1,12
13,374,2,221
13,374,3,511
13,374,4,493
13,374,5,505
13,374,6,514
13,374,7,497
13,374,8,534
13,374,9,489
13,374,10,488
13,374,11,517
13,374,12,496
13,374,13,507
13,374,14,516
13,374,15,522
13,374,16,521
13,374,17,527
13,374,18,522
13,374,19,538
13,374,20,507
13,374,21,503
13,374,22,531
13,374,23,518
13,374,24,535
14,856,1,67
14,856,2,387
14,856,3,475
14,856,4,503
14,856,5,515
14,856,6,528
14,856,7,539
14,856,8,519
14,856,9,514
14,856,10,491
14,856,11,536
14,856,12,521
14,856,13,481
14,856,14,506
14,856,15,535
14,856,16,521
14,856,17,501
14,856,18,524
14,856,19,522
14,856,20,500
14,856,21,503
14,856,22,496
14,856,23,521
14,856,24,504
15,680,1,88
15,680,2,421
15,680,3,498
15,680,4,504
15,680,5,508
15,680,6,500
15,680,7,517
15,680,8,527
15,680,9,507
15,680,10,522
15,680,11,514
15,680,12,510
15,680,13,518
15,680,14,474
15,680,15,471
15,680,16,504
15,680,17,501
15,680,18,503
15,680,19,535
15,680,20,509
15,680,21,489
15,680,22,536
15,680,23,508
15,680,24,509
16,575,1,7
16,575,2,81
16,575,3,400
16,575,4,490
16,575,5,523
16,575,6,521
16,575,7,505
16,575,8,528
16,575,9,503
16,575,10,513
16,575,11,520
16,575,12,525
16,575,13,523
16,575,14,494
16,575,15,518
16,575,16,494
16,575,17,540
16,575,18,520
16,575,19,514
16,575,20,525
16,575,21,508
16,575,22,482
16,575,23,522
16,575,24,528
17,282,1,38
17,282,2,401
17,282,3,502
17,282,4,511
17,282,5,479
17,282,6,478
17,282,7,533
17,282,8,500
17,282,9,521
17,282,10,528
17,282,11,535
17,282,12,505
17,282,13,486
17,282,14,470
17,282,15,511
17,282,16,507
17,282,17,524
17,282,18,516
17,282,19,521
17,282,20,501
17,282,21,482
17,282,22,515
17,282,23,511
17,282,24,509
18,870,1,70
18,870,2,415
18,870,3,497
18,870,4,487
18,870,5,513
18,870,6,525
18,870,7,527
18,870,8,500
18,870,9,531
18,870,10,510
18,870,11,476
18,870,12,467
18,870,13,505
18,870,14,511
18,870,15,518
18,870,16,510
18,870,17,508
18,870,18,544
18,870,19,525
18,870,20,499
18,870,21,537
18,870,22,512
18,870,23,507
18,870,24,494
19,696,1,35
19,696,2,229
19,696,3,491
19,696,4,507
19,696,5,542
19,696,6,491
19,696,7,523
19,696,8,501
19,696,9,489
19,696,10,512
19,696,11,510
19,696,12,495
19,696,13,500
19,696,14,514
19,696,15,486
19,696,16,467
19,696,17,526
19,696,18,503
19,696,19,535
19,696,20,489
19,696,21,512
19,696,22,507
19,696,23,526
19,696,24,496
20,116,1,18
20,116,2,273
20,116,3,496
20,116,4,529
20,116,5,517
20,116,6,522
20,116,7,539
20,116,8,527
20,116,9,508
20,116,10,517
20,116,11,511
20,116,12,523
20,116,13,509
20,116,14,508
20,116,15,511
20,116,16,482
20,116,17,546
20,116,18,543
20,116,19,505
20,116,20,518
20,116,21,526
20,116,22,520
20,116,23,502
20,116,24,506
21,106,1,11
21,106,2,240
21,106,3,511
21,106,4,514
21,106,5,542
21,106,6,511
21,106,7,536
21,106,8,513
21,106,9,516
21,106,10,497
21,106,11,480
21,106,12,513
21,106,13,513
21,106,14,504
21,106,15,522
21,106,16,504
21,106,17,477
21,106,18,500
21,106,19,502
21,106,20,525
21,106,21,511
21,106,22,518
21,106,23,556
21,106,24,504
22,339,1,46
22,339,2,421
22,339,3,533
22,339,4,496
22,339,5,515
22,339,6,537
22,339,7,488
22,339,8,499
22,339,9,536
22,339,10,525
22,339,11,536
22,339,12,503
22,339,13,503
22,339,14,498
22,339,15,485
22,339,16,522
22,339,17,526
22,339,18,533
22,339,19,538
22,339,20,512
22,339,21,533
22,339,22,508
22,339,23,525
22,339,24,544
23,963,1,122
23,963,2,371
23,963,3,517
23,963,4,523
23,963,5,487
23,963,6,500
23,963,7,524
23,963,8,511
23,963,9,536
23,963,10,535
23,963,11,530
23,963,12,520
23,963,13,494
23,963,14,516
23,963,15,502
23,963,16,504
23,963,17,489
23,963,18,528
23,963,19,519
23,963,20,506
23,963,21,532
23,963,22,529
23,963,23,482
23,963,24,539
24,389,1,63
24,389,2,453
24,389,3,484
24,389,4,525
24,389,5,536
24,389,6,522
24,389,7,502
24,389,8,551
24,389,9,503
24,389,10,537
24,389,11,510
24,389,12,485
24,389,13,537
24,389,14,540
24,389,15,526
24,389,16,514
24,389,17,500
24,389,18,516
24,389,19,530
24,389,20,536
24,389,21,522
24,389,22,536
24,389,23,528
24,389,24,505
25,289,1,49
25,289,2,486
25,289,3,500
25,289,4,534
25,289,5,498
25,289,6,508
25,289,7,495
25,289,8,498
25,289,9,547
25,289,10,523
25,289,11,518
25,289,12,499
25,289,13,512
25,289,14,502
25,289,15,502
25,289,16,497
25,289,17,508
25,289,18,501
25,289,19,512
25,289,20,512
25,289,21,514
25,289,22,527
25,289,23,503
25,289,24,495
26,119,1,17
26,119,2,253
26,119,3,503
26,119,4,512
26,119,5,514
26,119,6,497
26,119,7,514
26,119,8,511
26,119,9,510
26,119,10,512
26,119,11,514
26,119,12,505
26,119,13,512
26,119,14,496
26,119,15,512
26,119,16,515
26,119,17,544
26,119,18,498
26,119,19,506
26,119,20,504
26,119,21,531
26,119,22,522
26,119,23,529
26,119,24,517
27,194,1,31
27,194,2,145
27,194,3,494
27,194,4,523
27,194,5,536
27,194,6,514
27,194,7,510
27,194,8,510
27,194,9,520
27,194,10,499
27,194,11,509
27,194,12,508
27,194,13,534
27,194,14,519
27,194,15,517
27,194,16,545
27,194,17,489
27,194,18,517
27,194,19,508
27,194,20,489
27,194,21,512
27,194,22,514
27,194,23,477
27,194,24,520
28,43,1,46
28,43,2,331
28,43,3,508
28,43,4,500
28,43,5,519
28,43,6,507
28,43,7,519
28,43,8,522
28,43,9,504
28,43,10,527
28,43,11,500
28,43,12,517
28,43,13,490
28,43,14,536
28,43,15,498
28,43,16,524
28,43,17,495
28,43,18,498
28,43,19,509
28,43,20,520
28,43,21,543
28,43,22,508
28,43,23,539
28,43,24,499
29,194,1,55
29,194,2,373
29,194,3,493
29,194,4,485
29,194,5,525
29,194,6,507
29,194,7,523
29,194,8,499
29,194,9,492
29,194,10,501
29,194,11,533
29,194,12,515
29,194,13,490
29,194,14,509
29,194,15,522
29,194,16,543
29,194,17,508
29,194,18,515
29,194,19,479
29,194,20,508
29,194,21,510
29,194,22,503
29,194,23,500
29,194,24,515
30,554,1,67
30,554,2,359
30,554,3,506
30,554,4,537
30,554,5,505
30,554,6,501
30,554,7,488
30,554,8,499
30,554,9,533
30,554,10,512
30,554,11,498
30,554,12,499
30,554,13,514
30,554,14,526
30,554,15,508
30,554,16,513
30,554,17,499
30,554,18,511
30,554,19,506
30,554,20,507
30,554,21,526
30,554,22,512
30,554,23,517
30,554,24,513
31,129,1,60
31,129,2,340
31,129,3,504
31,129,4,502
31,129,5,528
31,129,6,486
31,129,7,519
31,129,8,509
31,129,9,496
31,129,10,497
31,129,11,494
31,129,12,537
31,129,13,501
31,129,14,501
31,129,15,504
31,129,16,538
31,129,17,501
31,129,18,519
31,129,19,491
31,129,20,532
31,129,21,502
31,129,22,496
31,129,23,536
31,129,24,496
32,712,1,87
32,712,2,285
32,712,3,502
32,712,4,501
32,712,5,521
32,712,6,535
32,712,7,488
32,712,8,521
32,712,9,513
32,712,10,489
32,712,11,493
32,712,12,534
32,712,13,476
32,712,14,520
32,712,15,505
32,712,16,519
32,712,17,524
32,712,18,504
32,712,19,514
32,712,20,513
32,712,21,522
32,712,22,476
32,712,23,503
32,712,24,515
33,896,1,174
33,896,2,429
33,896,3,506
33,896,4,518
33,896,5,508
33,896,6,527
33,896,7,517
33,896,8,508
33,896,9,523
33,896,10,513
33,896,11,518
33,896,12,488
33,896,13,503
33,896,14,490
33,896,15,520
33,896,16,541
33,896,17,525
33,896,18,523
33,896,19,511
33,896,20,513
33,896,21,529
33,896,22,531
33,896,23,538
33,896,24,496
34,311,1,15
34,311,2,338
34,311,3,475
34,311,4,511
34,311,5,527
34,311,6,501
34,311,7,489
34,311,8,528
34,311,9,502
34,311,10,511
34,311,11,501
34,311,12,478
34,311,13,505
34,311,14,520
34,311,15,520
34,311,16,529
34,311,17,528
34,311,18,523
34,311,19,537
34,311,20,495
34,311,21,494
34,311,22,514
34,311,23,527
34,311,24,506
35,233,1,10
35,233,2,122
35,233,3,519
35,233,4,510
35,233,5,508
35,233,6,513
35,233,7,519
35,233,8,528
35,233,9,492
35,233,10,491
35,233,11,524
35,233,12,492
35,233,13,489
35,233,14,511
35,233,15,523
35,233,16,506
35,233,17,502
35,233,18,506
35,233,19,523
35,233,20,493
35,233,21,530
35,233,22,504
35,233,23,525
35,233,24,552
36,726,1,91
36,726,2,301
36,726,3,497
36,726,4,518
36,726,5,516
36,726,6,523
36,726,7,525
36,726,8,515
36,726,9,503
36,726,10,493
36,726,11,494
36,726,12,505
36,726,13,525
36,726,14,512
36,726,15,497
36,726,16,498
36,726,17,508
36,726,18,508
36,726,19,511
36,726,20,530
36,726,21,521
36,726,22,512
36,726,23,509
36,726,24,507
37,827,1,17
37,827,2,182
37,827,3,465
37,827,4,516
37,827,5,497
37,827,6,506
37,827,7,513
37,827,8,510
37,827,9,525
37,827,10,535
37,827,11,532
37,827,12,511
37,827,13,492
37,827,14,521
37,827,15,517
37,827,16,520
37,827,17,503
37,827,18,522
37,827,19,505
37,827,20,521
37,827,21,492
37,827,22,493
37,827,23,502
37,827,24,537
38,504,1,12
38,504,2,252
38,504,3,499
38,504,4,503
38,504,5,517
38,504,6,518
38,504,7,502
38,504,8,527
38,504,9,511
38,504,10,507
38,504,11,509
38,504,12,511
38,504,13,513
38,504,14,521
38,504,15,491
38,504,16,489
38,504,17,545
38,504,18,493
38,504,19,532
38,504,20,504
38,504,21,513
38,504,22,538
38,504,23,501
38,504,24,503
39,999,1,56
39,999,2,401
39,999,3,537
39,999,4,521
39,999,5,551
39,999,6,542
39,999,7,519
39,999,8,528
39,999,9,509
39,999,10,501
39,999,11,504
39,999,12,499
39,999,13,533
39,999,14,503
39,999,15,493
39,999,16,495
39,999,17,511
39,999,18,501
39,999,19,503
39,999,20,484
39,999,21,520
39,999,22,525
39,999,23,502
39,999,24,531
40,479,1,36
40,479,2,303
40,479,3,496
40,479,4,525
40,479,5,508
40,479,6,517
40,479,7,504
40,479,8,520
40,479,9,489
40,479,10,536
40,479,11,489
40,479,12,510
40,479,13,521
40,479,14,529
40,479,15,510
40,479,16,493
40,479,17,527
40,479,18,536
40,479,19,501
40,479,20,516
40,479,21,514
40,479,22,514
40,479,23,517
40,479,24,509
41,831,1,3
41,831,2,98
41,831,3,422
41,831,4,529
41,831,5,507
41,831,6,529
41,831,7,518
41,831,8,510
41,831,9,497
41,831,10,540
41,831,11,511
41,831,12,530
41,831,13,487
41,831,14,461
41,831,15,498
41,831,16,502
41,831,17,540
41,831,18,511
41,831,19,491
41,831,20,497
41,831,21,483
41,831,22,500
41,831,23,519
41,831,24,542
42,472,1,23
42,472,2,274
42,472,3,519
42,472,4,517
42,472,5,541
42,472,6,532
42,472,7,500
42,472,8,532
42,472,9,509
42,472,10,487
42,472,11,501
42,472,12,535
42,472,13,517
42,472,14,530
42,472,15,520
42,472,16,473
42,472,17,492
42,472,18,512
42,472,19,513
42,472,20,521
42,472,21,498
42,472,22,507
42,472,23,507
42,472,24,531
43,26,1,58
43,26,2,389
43,26,3,516
43,26,4,512
43,26,5,473
43,26,6,509
43,26,7,492
43,26,8,534
43,26,9,528
43,26,10,512
43,26,11,515
43,26,12,497
43,26,13,502
43,26,14,501
43,26,15,487
43,26,16,486
43,26,17,488
43,26,18,517
43,26,19,514
43,26,20,516
43,26,21,507
43,26,22,496
43,26,23,525
43,26,24,524
44,971,1,102
44,971,2,513
44,971,3,499
44,971,4,503
44,971,5,505
44,971,6,520
44,971,7,529
44,971,8,526
44,971,9,518
44,971,10,508
44,971,11,498
44,971,12,530
44,971,13,510
44,971,14,516
44,971,15,487
44,971,16,505
44,971,17,512
44,971,18,512
44,971,19,492
44,971,20,517
44,971,21,480
44,971,22,515
44,971,23,506
44,971,24,545
45,508,1,8
45,508,2,247
45,508,3,501
45,508,4,510
45,508,5,505
45,508,6,484
45,508,7,521
45,508,8,500
45,508,9,498
45,508,10,523
45,508,11,530
45,508,12,525
45,508,13,531
45,508,14,533
45,508,15,510
45,508,16,509
45,508,17,534
45,508,18,506
45,508,19,482
45,508,20,526
45,508,21,511
45,508,22,529
45,508,23,504
45,508,24,492
46,860,1,40
46,860,2,269
46,860,3,508
46,860,4,514
46,860,5,506
46,860,6,519
46,860,7,495
46,860,8,522
46,860,9,559
46,860,10,490
46,860,11,510
46,860,12,489
46,860,13,493
46,860,14,505
46,860,15,547
46,860,16,510
46,860,17,525
46,860,18,501
46,860,19,520
46,860,20,532
46,860,21,503
46,860,22,525
46,860,23,506
46,860,24,499
47,990,1,54
47,990,2,243
47,990,3,491
47,990,4,504
47,990,5,510
47,990,6,523
47,990,7,499
47,990,8,549
47,990,9,514
47,990,10,502
47,990,11,503
47,990,12,492
47,990,13,512
47,990,14,488
47,990,15,535
47,990,16,504
47,990,17,499
47,990,18,524
47,990,19,526
47,990,20,533
47,990,21,521
47,990,22,508
47,990,23,526
47,990,24,512
48,317,1,6
48,317,2,143
48,317,3,463
48,317,4,534
48,317,5,536
48,317,6,505
48,317,7,537
48,317,8,513
48,317,9,510
48,317,10,522
48,317,11,514
48,317,12,525
48,317,13,508
48,317,14,520
48,317,15,520
48,317,16,540
48,317,17,514
48,317,18,495
48,317,19,525
48,317,20,518
48,317,21,488
48,317,22,508
48,317,23,503
48,317,24,508
49,966,1,114
49,966,2,507
49,966,3,543
49,966,4,503
49,966,5,511
49,966,6,488
49,966,7,506
49,966,8,507
49,966,9,513
49,966,10,512
49,966,11,531
49,966,12,523
49,966,13,532
49,966,14,494
49,966,15,495
49,966,16,488
49,966,17,493
49,966,18,506
49,966,19,520
49,966,20,503
49,966,21,519
49,966,22,505
49,966,23,508
49,966,24,503
50,951,1,38
50,951,2,258
50,951,3,459
50,951,4,550
50,951,5,544
50,951,6,504
50,951,7,522
50,951,8,525
50,951,9,501
50,951,10,529
50,951,11,520
50,951,12,506
50,951,13,537
50,951,14,521
50,951,15,529
50,951,16,517
50,951,17,508
50,951,18,532
50,951,19,504
50,951,20,516
50,951,21,515
50,951,22,518
50,951,23,522
50,951,24,478
51,812,1,69
51,812,2,374
51,812,3,493
51,812,4,526
51,812,5,532
51,812,6,475
51,812,7,521
51,812,8,502
51,812,9,482
51,812,10,469
51,812,11,504
51,812,12,492
51,812,13,491
51,812,14,509
51,812,15,506
51,812,16,509
51,812,17,502
51,812,18,491
51,812,19,505
51,812,20,501
51,812,21,527
51,812,22,527
51,812,23,533
51,812,24,510
52,299,1,18
52,299,2,254
52,299,3,497
52,299,4,524
52,299,5,531
52,299,6,526
52,299,7,509
52,299,8,502
52,299,9,519
52,299,10,520
52,299,11,505
52,299,12,525
52,299,13,531
52,299,14,489
52,299,15,514
52,299,16,562
52,299,17,511
52,299,18,496
52,299,19,526
52,299,20,509
52,299,21,512
52,299,22,504
52,299,23,522
52,299,24,506
53,536,1,86
53,536,2,397
53,536,3,487
53,536,4,522
53,536,5,524
53,536,6,518
53,536,7,511
53,536,8,527
53,536,9,495
53,536,10,499
53,536,11,529
53,536,12,524
53,536,13,485
53,536,14,521
53,536,15,515
53,536,16,507
53,536,17,530
53,536,18,497
53,536,19,509
53,536,20,503
53,536,21,543
53,536,22,539
53,536,23,503
53,536,24,527
54,786,1,99
54,786,2,422
54,786,3,523
54,786,4,524
54,786,5,523
54,786,6,518
54,786,7,494
54,786,8,488
54,786,9,480
54,786,10,489
54,786,11,516
54,786,12,498
54,786,13,526
54,786,14,496
54,786,15,546
54,786,16,520
54,786,17,492
54,786,18,489
54,786,19,529
54,786,20,492
54,786,21,535
54,786,22,526
54,786,23,503
54,786,24,519
55,93,1,26
55,93,2,307
55,93,3,531
55,93,4,534
55,93,5,510
55,93,6,526
55,93,7,535
55,93,8,512
55,93,9,476
55,93,10,521
55,93,11,517
55,93,12,519
55,93,13,507
55,93,14,528
55,93,15,520
55,93,16,489
55,93,17,526
55,93,18,512
55,93,19,497
55,93,20,531
55,93,21,534
55,93,22,501
55,93,23,527
55,93,24,516
56,138,1,75
56,138,2,459
56,138,3,516
56,138,4,483
56,138,5,520
56,138,6,506
56,138,7,493
56,138,8,498
56,138,9,520
56,138,10,494
56,138,11,522
56,138,12,516
56,138,13,506
56,138,14,500
56,138,15,488
56,138,16,516
56,138,17,490
56,138,18,518
56,138,19,520
56,138,20,502
56,138,21,504
56,138,22,496
56,138,23,519
56,138,24,521
57,779,1,141
57,779,2,471
57,779,3,541
57,779,4,489
57,779,5,512
57,779,6,487
57,779,7,545
57,779,8,490
57,779,9,512
57,779,10,524
57,779,11,504
57,779,12,519
57,779,13,515
57,779,14,504
57,779,15,524
57,779,16,532
57,779,17,513
57,779,18,527
57,779,19,497
57,779,20,515
57,779,21,458
57,779,22,510
57,779,23,520
57,779,24,485
58,491,1,25
58,491,2,403
58,491,3,517
58,491,4,494
58,491,5,501
58,491,6,534
58,491,7,529
58,491,8,494
58,491,9,507
58,491,10,519
58,491,11,500
58,491,12,522
58,491,13,530
58,491,14,518
58,491,15,499
58,491,16,512
58,491,17,514
58,491,18,541
58,491,19,528
58,491,20,485
58,491,21,518
58,491,22,531
58,491,23,548
58,491,24,475
59,47,1,26
59,47,2,272
59,47,3,525
59,47,4,524
59,47,5,518
59,47,6,502
59,47,7,493
59,47,8,545
59,47,9,505
59,47,10,495
59,47,11,531
59,47,12,539
59,47,13,505
59,47,14,534
59,47,15,492
59,47,16,525
59,47,17,539
59,47,18,502
59,47,19,527
59,47,20,502
59,47,21,514
59,47,22,499
59,47,23,516
59,47,24,503
60,154,1,85
60,154,2,443
60,154,3,524
60,154,4,519
60,154,5,494
60,154,6,514
60,154,7,493
60,154,8,502
60,154,9,525
60,154,10,504
60,154,11,499
60,154,12,523
60,154,13,505
60,154,14,489
60,154,15,515
60,154,16,544
60,154,17,503
60,154,18,507
60,154,19,497
60,154,20,527
60,154,21,500
60,154,22,496
60,154,23,511
60,154,24,491
61,616,1,40
61,616,2,263
61,616,3,528
61,616,4,509
61,616,5,524
61,616,6,504
61,616,7,496
61,616,8,495
61,616,9,533
61,616,10,515
61,616,11,509
61,616,12,511
61,616,13,539
61,616,14,488
61,616,15,549
61,616,16,523
61,616,17,540
61,616,18,526
61,616,19,525
61,616,20,494
61,616,21,522
61,616,22,487
61,616,23,512
61,616,24,530
62,117,1,11
62,117,2,220
62,117,3,449
62,117,4,506
62,117,5,523
62,117,6,483
62,117,7,531
62,117,8,507
62,117,9,500
62,117,10,538
62,117,11,509
62,117,12,508
62,117,13,517
62,117,14,517
62,117,15,497
62,117,16,521
62,117,17,522
62,117,18,523
62,117,19,494
62,117,20,499
62,117,21,515
62,117,22,498
62,117,23,539
62,117,24,499
63,702,1,8
63,702,2,200
63,702,3,473
63,702,4,494
63,702,5,511
63,702,6,496
63,702,7,508
63,702,8,518
63,702,9,514
63,702,10,526
63,702,11,512
63,702,12,489
63,702,13,497
63,702,14,500
63,702,15,517
63,702,16,538
63,702,17,496
63,702,18,487
63,702,19,493
63,702,20,505
63,702,21,500
63,702,22,493
63,702,23,537
63,702,24,519
64,712,1,130
64,712,2,446
64,712,3,528
64,712,4,489
64,712,5,530
64,712,6,513
64,712,7,516
64,712,8,505
64,712,9,516
64,712,10,509
64,712,11,506
64,712,12,517
64,712,13,532
64,712,14,520
64,712,15,507
64,712,16,529
64,712,17,502
64,712,18,516
64,712,19,514
64,712,20,511
64,712,21,513
64,712,22,492
64,712,23,534
64,712,24,500
65,643,1,234
65,643,2,525
65,643,3,549
65,643,4,532
65,643,5,541
65,643,6,504
65,643,7,521
65,643,8,495
65,643,9,500
65,643,10,529
65,643,11,497
65,643,12,498
65,643,13,498
65,643,14,514
65,643,15,521
65,643,16,513
65,643,17,532
65,643,18,505
65,643,19,511
65,643,20,543
65,643,21,507
65,643,22,529
65,643,23,514
65,643,24,517
66,397,1,114
66,397,2,522
66,397,3,534
66,397,4,511
66,397,5,494
66,397,6,517
66,397,7,492
66,397,8,488
66,397,9,520
66,397,10,514
66,397,11,488
66,397,12,515
66,397,13,504
66,397,14,497
66,397,15,500
66,397,16,514
66,397,17,515
66,397,18,485
66,397,19,525
66,397,20,489
66,397,21,512
66,397,22,506
66,397,23,515
66,397,24,549
67,571,1,19
67,571,2,298
67,571,3,512
67,571,4,509
67,571,5,504
67,571,6,526
67,571,7,510
67,571,8,500
67,571,9,488
67,571,10,510
67,571,11,515
67,571,12,478
67,571,13,480
67,571,14,516
67,571,15,508
67,571,16,513
67,571,17,496
67,571,18,498
67,571,19,524
67,571,20,527
67,571,21,495
67,571,22,526
67,571,23,508
67,571,24,494
68,827,1,17
68,827,2,268
68,827,3,483
68,827,4,534
68,827,5,557
68,827,6,532
68,827,7,518
68,827,8,525
68,827,9,511
68,827,10,526
68,827,11,489
68,827,12,511
68,827,13,503
68,827,14,487
68,827,15,517
68,827,16,523
68,827,17,514
68,827,18,483
68,827,19,498
68,827,20,540
68,827,21,527
68,827,22,534
68,827,23,535
68,827,24,527
69,400,1,103
69,400,2,514
69,400,3,512
69,400,4,500
69,400,5,511
69,400,6,484
69,400,7,486
69,400,8,493
69,400,9,512
69,400,10,506
69,400,11,528
69,400,12,507
69,400,13,510
69,400,14,513
69,400,15,513
69,400,16,522
69,400,17,546
69,400,18,522
69,400,19,532
69,400,20,522
69,400,21,526
69,400,22,521
69,400,23,526
69,400,24,537
70,831,1,4
70,831,2,149
70,831,3,443
70,831,4,492
70,831,5,479
70,831,6,487
70,831,7,521
70,831,8,503
70,831,9,516
70,831,10,504
70,831,11,524
70,831,12,506
70,831,13,485
70,831,14,505
70,831,15,514
70,831,16,500
70,831,17,540
70,831,18,512
70,831,19,513
70,831,20,495
70,831,21,505
70,831,22,534
70,831,23,526
70,831,24,504
71,245,1,16
71,245,2,320
71,245,3,498
71,245,4,529
71,245,5,507
71,245,6,533
71,245,7,494
71,245,8,502
71,245,9,508
71,245,10,504
71,245,11,500
71,245,12,537
71,245,13,484
71,245,14,508
71,245,15,519
71,245,16,525
71,245,17,531
71,245,18,515
71,245,19,504
71,245,20,537
71,245,21,512
71,245,22,512
71,245,23,515
71,245,24,511
72,1,1,110
72,1,2,500
72,1,3,505
72,1,4,515
72,1,5,520
72,1,6,513
72,1,7,523
72,1,8,522
72,1,9,482
72,1,10,524
72,1,11,521
72,1,12,526
72,1,13,525
72,1,14,517
72,1,15,503
72,1,16,464
72,1,17,500
72,1,18,499
72,1,19,519
72,1,20,512
72,1,21,527
72,1,22,516
72,1,23,532
72,1,24,502
73,917,1,172
73,917,2,496
73,917,3,509
73,917,4,491
73,917,5,523
73,917,6,558
73,917,7,478
73,917,8,512
73,917,9,490
73,917,10,506
73,917,11,475
73,917,12,542
73,917,13,520
73,917,14,507
73,917,15,502
73,917,16,533
73,917,17,511
73,917,18,505
73,917,19,517
73,917,20,507
73,917,21,518
73,917,22,493
73,917,23,523
73,917,24,482
74,909,1,181
74,909,2,539
74,909,3,518
74,909,4,506
74,909,5,522
74,909,6,522
74,909,7,516
74,909,8,550
74,909,9,484
74,909,10,510
74,909,11,509
74,909,12,503
74,909,13,497
74,909,14,543
74,909,15,497
74,909,16,531
74,909,17,489
74,909,18,499
74,909,19,500
74,909,20,514
74,909,21,525
74,909,22,527
74,909,23,500
74,909,24,487
75,616,1,43
75,616,2,295
75,616,3,490
75,616,4,500
75,616,5,537
75,616,6,519
75,616,7,508
75,616,8,521
75,616,9,504
75,616,10,509
75,616,11,500
75,616,12,535
75,616,13,502
75,616,14,502
75,616,15,501
75,616,16,493
75,616,17,490
75,616,18,506
75,616,19,527
75,616,20,528
75,616,21,528
75,616,22,518
75,616,23,517
75,616,24,529
76,857,1,101
76,857,2,473
76,857,3,525
76,857,4,512
76,857,5,498
76,857,6,514
76,857,7,490
76,857,8,495
76,857,9,499
76,857,10,503
76,857,11,535
76,857,12,513
76,857,13,514
76,857,14,518
76,857,15,490
76,857,16,538
76,857,17,495
76,857,18,551
76,857,19,516
76,857,20,501
76,857,21,518
76,857,22,496
76,857,23,522
76,857,24,520
77,602,1,86
77,602,2,479
77,602,3,522
77,602,4,489
77,602,5,517
77,602,6,501
77,602,7,515
77,602,8,512
77,602,9,504
77,602,10,524
77,602,11,476
77,602,12,521
77,602,13,508
77,602,14,531
77,602,15,505
77,602,16,496
77,602,17,532
77,602,18,486
77,602,19,519
77,602,20,497
77,602,21,512
77,602,22,507
77,602,23,520
77,602,24,526
78,802,1,90
78,802,2,426
78,802,3,533
78,802,4,515
78,802,5,493
78,802,6,504
78,802,7,520
78,802,8,520
78,802,9,496
78,802,10,499
78,802,11,495
78,802,12,478
78,802,13,511
78,802,14,543
78,802,15,511
78,802,16,493
78,802,17,511
78,802,18,509
78,802,19,508
78,802,20,527
78,802,21,526
78,802,22,485
78,802,23,544
78,802,24,511
79,885,1,17
79,885,2,248
79,885,3,479
79,885,4,511
79,885,5,486
79,885,6,529
79,885,7,513
79,885,8,505
79,885,9,494
79,885,10,525
79,885,11,521
79,885,12,526
79,885,13,513
79,885,14,513
79,885,15,526
79,885,16,500
79,885,17,495
79,885,18,512
79,885,19,498
79,885,20,520
79,885,21,508
79,885,22,517
79,885,23,510
79,885,24,517
80,316,1,6
80,316,2,87
80,316,3,410
80,316,4,514
80,316,5,531
80,316,6,503
80,316,7,508
80,316,8,501
80,316,9,531
80,316,10,519
80,316,11,501
80,316,12,507
80,316,13,498
80,316,14,501
80,316,15,499
80,316,16,520
80,316,17,518
80,316,18,489
80,316,19,522
80,316,20,494
80,316,21,497
80,316,22,523
80,316,23,522
80,316,24,517
81,609,1,69
81,609,2,435
81,609,3,552
81,609,4,522
81,609,5,509
81,609,6,499
81,609,7,490
81,609,8,531
81,609,9,544
81,609,10,502
81,609,11,510
81,609,12,510
81,609,13,522
81,609,14,515
81,609,15,504
81,609,16,490
81,609,17,504
81,609,18,512
81,609,19,515
81,609,20,493
81,609,21,542
81,609,22,458
81,609,23,510
81,609,24,538
82,176,1,28
82,176,2,304
82,176,3,495
82,176,4,523
82,176,5,489
82,176,6,512
82,176,7,516
82,176,8,532
82,176,9,508
82,176,10,507
82,176,11,510
82,176,12,511
82,176,13,493
82,176,14,523
82,176,15,517
82,176,16,498
82,176,17,530
82,176,18,498
82,176,19,512
82,176,20,497
82,176,21,523
82,176,22,524
82,176,23,528
82,176,24,540
83,628,1,17
83,628,2,277
83,628,3,493
83,628,4,498
83,628,5,503
83,628,6,515
83,628,7,514
83,628,8,515
83,628,9,512
83,628,10,502
83,628,11,541
83,628,12,518
83,628,13,529
83,628,14,513
83,628,15,514
83,628,16,535
83,628,17,500
83,628,18,507
83,628,19,524
83,628,20,492
83,628,21,492
83,628,22,536
83,628,23,473
83,628,24,517
84,366,1,18
84,366,2,230
84,366,3,479
84,366,4,507
84,366,5,513
84,366,6,502
84,366,7,494
84,366,8,510
84,366,9,519
84,366,10,489
84,366,11,526
84,366,12,523
84,366,13,532
84,366,14,520
84,366,15,513
84,366,16,495
84,366,17,526
84,366,18,498
84,366,19,520
84,366,20,490
84,366,21,480
84,366,22,519
84,366,23,484
84,366,24,526
85,26,1,80
85,26,2,444
85,26,3,523
85,26,4,494
85,26,5,478
85,26,6,517
85,26,7,530
85,26,8,518
85,26,9,510
85,26,10,524
85,26,11,524
85,26,12,523
85,26,13,515
85,26,14,517
85,26,15,523
85,26,16,510
85,26,17,498
85,26,18,524
85,26,19,526
85,26,20,513
85,26,21,536
85,26,22,508
85,26,23,486
85,26,24,496
86,125,1,5
86,125,2,112
86,125,3,469
86,125,4,510
86,125,5,514
86,125,6,489
86,125,7,522
86,125,8,482
86,125,9,495
86,125,10,526
86,125,11,529
86,125,12,525
86,125,13,553
86,125,14,491
86,125,15,507
86,125,16,549
86,125,17,511
86,125,18,470
86,125,19,509
86,125,20,505
86,125,21,527
86,125,22,491
86,125,23,490
86,125,24,500
87,623,1,33
87,623,2,290
87,623,3,510
87,623,4,525
87,623,5,524
87,623,6,505
87,623,7,489
87,623,8,506
87,623,9,545
87,623,10,514
87,623,11,506
87,623,12,563
87,623,13,502
87,623,14,531
87,623,15,517
87,623,16,543
87,623,17,507
87,623,18,512
87,623,19,521
87,623,20,519
87,623,21,524
87,623,22,509
87,623,23,519
87,623,24,507
88,373,1,13
88,373,2,221
88,373,3,531
88,373,4,506
88,373,5,517
88,373,6,527
88,373,7,497
88,373,8,515
88,373,9,529
88,373,10,487
88,373,11,516
88,373,12,506
88,373,13,527
88,373,14,519
88,373,15,493
88,373,16,540
88,373,17,511
88,373,18,514
88,373,19,515
88,373,20,483
88,373,21,470
88,373,22,524
88,373,23,479
88,373,24,518
89,747,1,31
89,747,2,191
89,747,3,481
89,747,4,504
89,747,5,535
89,747,6,505
89,747,7,539
89,747,8,509
89,747,9,505
89,747,10,493
89,747,11,512
89,747,12,488
89,747,13,509
89,747,14,496
89,747,15,508
89,747,16,497
89,747,17,516
89,747,18,532
89,747,19,491
89,747,20,496
89,747,21,499
89,747,22,547
89,747,23,518
89,747,24,549
90,68,1,89
90,68,2,393
90,68,3,509
90,68,4,491
90,68,5,499
90,68,6,507
90,68,7,515
90,68,8,506
90,68,9,528
90,68,10,504
90,68,11,514
90,68,12,535
90,68,13,514
90,68,14,496
90,68,15,502
90,68,16,499
90,68,17,491
90,68,18,515
90,68,19,522
90,68,20,493
90,68,21,522
90,68,22,497
90,68,23,500
90,68,24,517
91,991,1,91
91,991,2,446
91,991,3,501
91,991,4,471
91,991,5,517
91,991,6,530
91,991,7,532
91,991,8,523
91,991,9,517
91,991,10,511
91,991,11,521
91,991,12,511
91,991,13,495
91,991,14,520
91,991,15,533
91,991,16,469
91,991,17,495
91,991,18,539
91,991,19,536
91,991,20,531
91,991,21,537
91,991,22,505
91,991,23,504
91,991,24,488
92,50,1,17
92,50,2,265
92,50,3,514
92,50,4,497
92,50,5,510
92,50,6,519
92,50,7,482
92,50,8,501
92,50,9,494
92,50,10,508
92,50,11,502
92,50,12,529
92,50,13,495
92,50,14,532
92,50,15,506
92,50,16,534
92,50,17,508
92,50,18,529
92,50,19,517
92,50,20,533
92,50,21,502
92,50,22,523
92,50,23,524
92,50,24,529
93,590,1,83
93,590,2,512
93,590,3,506
93,590,4,507
93,590,5,513
93,590,6,511
93,590,7,509
93,590,8,506
93,590,9,487
93,590,10,498
93,590,11,510
93,590,12,516
93,590,13,534
93,590,14,527
93,590,15,495
93,590,16,521
93,590,17,509
93,590,18,508
93,590,19,485
93,590,20,518
93,590,21,510
93,590,22,493
93,590,23,525
93,590,24,525
94,673,1,116
94,673,2,459
94,673,3,501
94,673,4,484
94,673,5,516
94,673,6,538
94,673,7,512
94,673,8,487
94,673,9,506
94,673,10,497
94,673,11,491
94,673,12,519
94,673,13,513
94,673,14,506
94,673,15,523
94,673,16,490
94,673,17,524
94,673,18,506
94,673,19,506
94,673,20,541
94,673,21,491
94,673,22,508
94,673,23,533
94,673,24,517
95,882,1,20
95,882,2,248
95,882,3,501
95,882,4,488
95,882,5,521
95,882,6,508
95,882,7,530
95,882,8,493
95,882,9,515
95,882,10,520
95,882,11,500
95,882,12,528
95,882,13,481
95,882,14,525
95,882,15,494
95,882,16,495
95,882,17,516
95,882,18,518
95,882,19,477
95,882,20,513
95,882,21,504
95,882,22,520
95,882,23,504
95,882,24,532
96,454,1,77
96,454,2,478
96,454,3,511
96,454,4,506
96,454,5,507
96,454,6,519
96,454,7,502
96,454,8,508
96,454,9,514
96,454,10,528
96,454,11,501
96,454,12,505
96,454,13,475
96,454,14,510
96,454,15,517
96,454,16,515
96,454,17,488
96,454,18,531
96,454,19,506
96,454,20,525
96,454,21,512
96,454,22,526
96,454,23,538
96,454,24,522
97,198,1,61
97,198,2,371
97,198,3,528
97,198,4,487
97,198,5,484
97,198,6,503
97,198,7,499
97,198,8,510
97,198,9,509
97,198,10,517
97,198,11,516
97,198,12,530
97,198,13,493
97,198,14,509
97,198,15,497
97,198,16,541
97,198,17,511
97,198,18,505
97,198,19,514
97,198,20,493
97,198,21,510
97,198,22,506
97,198,23,536
97,198,24,508
98,762,1,20
98,762,2,219
98,762,3,507
98,762,4,520
98,762,5,507
98,762,6,510
98,762,7,557
98,762,8,533
98,762,9,489
98,762,10,504
98,762,11,503
98,762,12,487
98,762,13,521
98,762,14,508
98,762,15,532
98,762,16,495
98,762,17,513
98,762,18,515
98,762,19,517
98,762,20,526
98,762,21,509
98,762,22,507
98,762,23,520
98,762,24,509
99,497,1,7
99,497,2,170
99,497,3,478
99,497,4,506
99,497,5,524
99,497,6,516
99,497,7,520
99,497,8,490
99,497,9,525
99,497,10,490
99,497,11,514
99,497,12,518
99,497,13,530
99,497,14,503
99,497,15,516
99,497,16,510
99,497,17,519
99,497,18,500
99,497,19,512
99,497,20,494
99,497,21,502
99,497,22,506
99,497,23,518
99,497,24,522
100,356,1,26
100,356,2,329
100,356,3,499
100,356,4,512
100,356,5,499
100,356,6,487
100,356,7,509
100,356,8,498
100,356,9,485
100,356,10,501
100,356,11,532
100,356,12,535
100,356,13,515
100,356,14,528
100,356,15,508
100,356,16,482
100,356,17,497
100,356,18,499
100,356,19,498
100,356,20,563
100,356,21,519
100,356,22,521
100,356,23,527
100,356,24,527
101,94,1,56
101,94,2,392
101,94,3,516
101,94,4,558
101,94,5,500
101,94,6,518
101,94,7,505
101,94,8,530
101,94,9,520
101,94,10,498
101,94,11,508
101,94,12,510
101,94,13,520
101,94,14,506
101,94,15,500
101,94,16,507
101,94,17,510
101,94,18,514
101,94,19,533
101,94,20,541
101,94,21,488
101,94,22,533
101,94,23,519
101,94,24,518
102,730,1,102
102,730,2,376
102,730,3,525
102,730,4,508
102,730,5,563
102,730,6,512
102,730,7,509
102,730,8,526
102,730,9,550
102,730,10,523
102,730,11,507
102,730,12,550
102,730,13,514
102,730,14,508
102,730,15,514
102,730,16,526
102,730,17,518
102,730,18,494
102,730,19,523
102,730,20,504
102,730,21,499
102,730,22,494
102,730,23,510
102,730,24,511
103,675,1,95
103,675,2,426
103,675,3,552
103,675,4,520
103,675,5,478
103,675,6,481
103,675,7,498
103,675,8,517
103,675,9,508
103,675,10,517
103,675,11,523
103,675,12,516
103,675,13,501
103,675,14,514
103,675,15,510
103,675,16,491
103,675,17,488
103,675,18,529
103,675,19,540
103,675,20,541
103,675,21,494
103,675,22,489
103,675,23,515
103,675,24,502
104,899,1,139
104,899,2,515
104,899,3,528
104,899,4,514
104,899,5,512
104,899,6,522
104,899,7,495
104,899,8,528
104,899,9,518
104,899,10,521
104,899,11,479
104,899,12,531
104,899,13,555
104,899,14,525
104,899,15,531
104,899,16,505
104,899,17,505
104,899,18,536
104,899,19,498
104,899,20,520
104,899,21,524
104,899,22,516
104,899,23,516
104,899,24,521
105,161,1,43
105,161,2,396
105,161,3,499
105,161,4,520
105,161,5,521
105,161,6,519
105,161,7,512
105,161,8,515
105,161,9,526
105,161,10,533
105,161,11,520
105,161,12,509
105,161,13,518
105,161,14,507
105,161,15,507
105,161,16,523
105,161,17,549
105,161,18,528
105,161,19,521
105,161,20,537
105,161,21,508
105,161,22,499
105,161,23,507
105,161,24,518
106,170,1,53
106,170,2,353
106,170,3,491
106,170,4,516
106,170,5,493
106,170,6,540
106,170,7,522
106,170,8,526
106,170,9,546
106,170,10,529
106,170,11,523
106,170,12,510
106,170,13,526
106,170,14,540
106,170,15,485
106,170,16,510
106,170,17,556
106,170,18,527
106,170,19,538
106,170,20,497
106,170,21,482
106,170,22,512
106,170,23,531
106,170,24,506
107,565,1,49
107,565,2,311
107,565,3,472
107,565,4,505
107,565,5,525
107,565,6,496
107,565,7,533
107,565,8,515
107,565,9,519
107,565,10,517
107,565,11,516
107,565,12,531
107,565,13,495
107,565,14,510
107,565,15,515
107,565,16,513
107,565,17,533
107,565,18,522
107,565,19,547
107,565,20,531
107,565,21,495
107,565,22,517
107,565,23,488
107,565,24,521
108,945,1,52
108,945,2,370
108,945,3,522
108,945,4,513
108,945,5,526
108,945,6,499
108,945,7,463
108,945,8,507
108,945,9,521
108,945,10,507
108,945,11,482
108,945,12,512
108,945,13,534
108,945,14,506
108,945,15,496
108,945,16,480
108,945,17,538
108,945,18,511
108,945,19,512
108,945,20,503
108,945,21,522
108,945,22,503
108,945,23,513
108,945,24,519
109,827,1,17
109,827,2,208
109,827,3,465
109,827,4,507
109,827,5,504
109,827,6,507
109,827,7,513
109,827,8,548
109,827,9,535
109,827,10,499
109,827,11,504
109,827,12,522
109,827,13,502
109,827,14,543
109,827,15,521
109,827,16,520
109,827,17,531
109,827,18,516
109,827,19,509
109,827,20,519
109,827,21,532
109,827,22,531
109,827,23,497
109,827,24,512
110,682,1,69
110,682,2,277
110,682,3,504
110,682,4,477
110,682,5,526
110,682,6,508
110,682,7,511
110,682,8,504
110,682,9,508
110,682,10,506
110,682,11,501
110,682,12,498
110,682,13,511
110,682,14,499
110,682,15,517
110,682,16,525
110,682,17,485
110,682,18,534
110,682,19,507
110,682,20,515
110,682,21,504
110,682,22,489
110,682,23,528
110,682,24,523
111,114,1,8
111,114,2,169
111,114,3,449
111,114,4,526
111,114,5,507
111,114,6,515
111,114,7,482
111,114,8,487
111,114,9,519
111,114,10,512
111,114,11,534
111,114,12,503
111,114,13,493
111,114,14,545
111,114,15,511
111,114,16,476
111,114,17,506
111,114,18,499
111,114,19,518
111,114,20,504
111,114,21,512
111,114,22,499
111,114,23,495
111,114,24,510
112,471,1,44
112,471,2,317
112,471,3,513
112,471,4,520
112,471,5,513
112,471,6,516
112,471,7,505
112,471,8,529
112,471,9,511
112,471,10,549
112,471,11,512
112,471,12,495
112,471,13,547
112,471,14,499
112,471,15,514
112,471,16,516
112,471,17,518
112,471,18,507
112,471,19,522
112,471,20,492
112,471,21,497
112,471,22,491
112,471,23,535
112,471,24,512
113,262,1,123
113,262,2,510
113,262,3,522
113,262,4,511
113,262,5,513
113,262,6,520
113,262,7,485
113,262,8,491
113,262,9,496
113,262,10,511
113,262,11,502
113,262,12,499
113,262,13,518
113,262,14,510
113,262,15,487
113,262,16,510
113,262,17,486
113,262,18,500
113,262,19,519
113,262,20,492
113,262,21,512
113,262,22,508
113,262,23,505
113,262,24,478
114,737,1,59
114,737,2,369
114,737,3,517
114,737,4,517
114,737,5,512
114,737,6,510
114,737,7,535
114,737,8,480
114,737,9,537
114,737,10,518
114,737,11,527
114,737,12,510
114,737,13,510
114,737,14,513
114,737,15,510
114,737,16,490
114,737,17,510
114,737,18,500
114,737,19,524
114,737,20,562
114,737,21,549
114,737,22,495
114,737,23,531
114,737,24,528
115,473,1,48
115,473,2,495
115,473,3,507
115,473,4,485
115,473,5,503
115,473,6,507
115,473,7,507
115,473,8,499
115,473,9,534
115,473,10,523
115,473,11,525
115,473,12,502
115,473,13,517
115,473,14,496
115,473,15,504
115,473,16,523
115,473,17,506
115,473,18,511
115,473,19,546
115,473,20,524
115,473,21,489
115,473,22,514
115,473,23,550
115,473,24,482
116,318,1,5
116,318,2,180
116,318,3,526
116,318,4,524
116,318,5,536
116,318,6,506
116,318,7,500
116,318,8,517
116,318,9,524
116,318,10,514
116,318,11,533
116,318,12,510
116,318,13,460
116,318,14,515
116,318,15,511
116,318,16,532
116,318,17,500
116,318,18,497
116,318,19,533
116,318,20,505
116,318,21,527
116,318,22,523
116,318,23,499
116,318,24,529
117,740,1,50
117,740,2,260
117,740,3,510
117,740,4,516
117,740,5,503
117,740,6,509
117,740,7,483
117,740,8,494
117,740,9,497
117,740,10,505
117,740,11,538
117,740,12,518
117,740,13,486
117,740,14,497
117,740,15,499
117,740,16,507
117,740,17,515
117,740,18,506
117,740,19,500
117,740,20,504
117,740,21,506
117,740,22,503
117,740,23,496
117,740,24,535
118,731,1,52
118,731,2,286
118,731,3,482
118,731,4,520
118,731,5,511
118,731,6,512
118,731,7,514
118,731,8,519
118,731,9,503
118,731,10,509
118,731,11,475
118,731,12,506
118,731,13,516
118,731,14,530
118,731,15,493
118,731,16,502
118,731,17,484
118,731,18,508
118,731,19,546
118,731,20,514
118,731,21,509
118,731,22,496
118,731,23,509
118,731,24,515
119,579,1,109
119,579,2,485
119,579,3,508
119,579,4,536
119,579,5,500
119,579,6,493
119,579,7,508
119,579,8,488
119,579,9,546
119,579,10,525
119,579,11,543
119,579,12,509
119,579,13,526
119,579,14,494
119,579,15,498
119,579,16,488
119,579,17,473
119,579,18,503
119,579,19,526
119,579,20,504
119,579,21,514
119,579,22,516
119,579,23,501
119,579,24,510
120,810,1,51
120,810,2,402
120,810,3,513
120,810,4,503
120,810,5,515
120,810,6,523
120,810,7,517
120,810,8,484
120,810,9,510
120,810,10,511
120,810,11,550
120,810,12,511
120,810,13,544
120,810,14,521
120,810,15,546
120,810,16,483
120,810,17,504
120,810,18,512
120,810,19,512
120,810,20,525
120,810,21,511
120,810,22,523
120,810,23,519
120,810,24,491
121,636,1,14
121,636,2,209
121,636,3,470
121,636,4,492
121,636,5,515
121,636,6,533
121,636,7,493
121,636,8,520
121,636,9,535
121,636,10,518
121,636,11,527
121,636,12,507
121,636,13,535
121,636,14,526
121,636,15,501
121,636,16,518
121,636,17,520
121,636,18,548
121,636,19,484
121,636,20,506
121,636,21,535
121,636,22,495
121,636,23,519
121,636,24,506
122,142,1,83
122,142,2,475
122,142,3,543
122,142,4,502
122,142,5,501
122,142,6,495
122,142,7,481
122,142,8,523
122,142,9,537
122,142,10,527
122,142,11,496
122,142,12,530
122,142,13,521
122,142,14,485
122,142,15,513
122,142,16,504
122,142,17,529
122,142,18,528
122,142,19,501
122,142,20,512
122,142,21,495
122,142,22,490
122,142,23,536
122,142,24,511
123,440,1,19
123,440,2,319
123,440,3,490
123,440,4,548
123,440,5,517
123,440,6,507
123,440,7,500
123,440,8,494
123,440,9,459
123,440,10,522
123,440,11,521
123,440,12,536
123,440,13,520
123,440,14,527
123,440,15,532
123,440,16,537
123,440,17,527
123,440,18,519
123,440,19,513
123,440,20,521
123,440,21,492
123,440,22,542
123,440,23,532
123,440,24,512
124,639,1,4
124,639,2,211
124,639,3,504
124,639,4,527
124,639,5,521
124,639,6,550
124,639,7,512
124,639,8,528
124,639,9,516
124,639,10,504
124,639,11,523
124,639,12,481
124,639,13,539
124,639,14,516
124,639,15,538
124,639,16,515
124,639,17,492
124,639,18,494
124,639,19,481
124,639,20,524
124,639,21,495
124,639,22,492
124,639,23,530
124,639,24,526
125,239,1,17
125,239,2,348
125,239,3,518
125,239,4,530
125,239,5,521
125,239,6,508
125,239,7,522
125,239,8,512
125,239,9,502
125,239,10,535
125,239,11,491
125,239,12,534
125,239,13,545
125,239,14,534
125,239,15,524
125,239,16,501
125,239,17,513
125,239,18,524
125,239,19,525
125,239,20,486
125,239,21,507
125,239,22,532
125,239,23,526
125,239,24,538
126,316,1,5
126,316,2,166
126,316,3,518
126,316,4,524
126,316,5,520
126,316,6,485
126,316,7,503
126,316,8,516
126,316,9,530
126,316,10,517
126,316,11,533
126,316,12,526
126,316,13,490
126,316,14,522
126,316,15,524
126,316,16,537
126,316,17,507
126,316,18,536
126,316,19,493
126,316,20,485
126,316,21,516
126,316,22,515
126,316,23,515
126,316,24,471
127,577,1,149
127,577,2,494
127,577,3,510
127,577,4,497
127,577,5,548
127,577,6,498
127,577,7,532
127,577,8,496
127,577,9,532
127,577,10,513
127,577,11,526
127,577,12,516
127,577,13,544
127,577,14,505
127,577,15,515
127,577,16,517
127,577,17,497
127,577,18,521
127,577,19,520
127,577,20,505
127,577,21,530
127,577,22,506
127,577,23,495
127,577,24,510
